{
  "best_epoch": 201,
  "total_time_min": 5.587116368611654,
  "train": {
    "mae": 84.65478515625,
    "mse": 163913.375,
    "rmse": 404.86216790409054,
    "r2": 0.5633493661880493,
    "mean_pred": 103.06151580810547,
    "mean_true": 146.35079956054688
  },
  "val": {
    "mae": 93.59613037109375,
    "mse": 133221.703125,
    "rmse": 364.99548370493574,
    "r2": 0.5291063785552979,
    "mean_pred": 98.68637084960938,
    "mean_true": 143.53346252441406
  },
  "test": {
    "mae": 104.46493530273438,
    "mse": 174334.015625,
    "rmse": 417.53325092140864,
    "r2": 0.5734013319015503,
    "mean_pred": 115.95051574707031,
    "mean_true": 171.87762451171875
  }
}