metric,value
"corr(DT, DM)",0.6827555375125363
"corr(DT, DO)",0.8386523104799074
"corr(DM, DO)",0.17463515194283014
R^2 of DT ~ DM + DO,0.9999999999999992
"VIF(DT | DM, DO)",1000000000000.0
intercept of OLS,1.1712991961132108e-10
slope on DM,0.9999999971606561
slope on DO,0.9999999979957704
mean(DT - DM - DO) in top-5% DT cells,
