{
  "best_epoch": 243,
  "total_time_min": 6.749934101104737,
  "train": {
    "mae": 87.68926239013672,
    "mse": 158005.28125,
    "rmse": 397.4987814446731,
    "r2": 0.5311427116394043,
    "mean_pred": 98.02652740478516,
    "mean_true": 145.27227783203125
  },
  "val": {
    "mae": 101.09536743164062,
    "mse": 232924.921875,
    "rmse": 482.6229603686505,
    "r2": 0.500490665435791,
    "mean_pred": 100.45608520507812,
    "mean_true": 157.51954650878906
  },
  "test": {
    "mae": 93.31375122070312,
    "mse": 120229.59375,
    "rmse": 346.7413931880646,
    "r2": 0.647118330001831,
    "mean_pred": 111.34896087646484,
    "mean_true": 161.1262664794922
  }
}