{
  "best_epoch": 212,
  "total_time_min": 5.857783536116282,
  "train": {
    "mae": 87.52301788330078,
    "mse": 157432.796875,
    "rmse": 396.77801964700615,
    "r2": 0.5469681620597839,
    "mean_pred": 104.3118896484375,
    "mean_true": 148.04627990722656
  },
  "val": {
    "mae": 91.95685577392578,
    "mse": 168264.375,
    "rmse": 410.20040833719315,
    "r2": 0.5967648029327393,
    "mean_pred": 111.38013458251953,
    "mean_true": 154.88768005371094
  },
  "test": {
    "mae": 102.51134490966797,
    "mse": 178242.921875,
    "rmse": 422.188254070385,
    "r2": 0.5026634931564331,
    "mean_pred": 104.08349609375,
    "mean_true": 155.43836975097656
  }
}