{
  "best_epoch": 158,
  "total_time_min": 4.641835788885753,
  "train": {
    "mae": 89.9332275390625,
    "mse": 153012.125,
    "rmse": 391.16764308925144,
    "r2": 0.5624484419822693,
    "mean_pred": 102.97293853759766,
    "mean_true": 150.23049926757812
  },
  "val": {
    "mae": 97.71176147460938,
    "mse": 247313.203125,
    "rmse": 497.30594519370067,
    "r2": 0.43449097871780396,
    "mean_pred": 93.65089416503906,
    "mean_true": 148.29344177246094
  },
  "test": {
    "mae": 98.2975845336914,
    "mse": 124965.7265625,
    "rmse": 353.50491731021225,
    "r2": 0.6233835816383362,
    "mean_pred": 111.87071990966797,
    "mean_true": 155.48184204101562
  }
}